,0
0,excellent
1,excellent
2,excellent
3,excellent
4,excellent
5,excellent
6,excellent
7,excellent
8,excellent
9,excellent
10,excellent
11,excellent
12,excellent
13,excellent
14,excellent
15,excellent
16,excellent
17,excellent
18,excellent
19,excellent
20,excellent
21,excellent
22,excellent
23,excellent
24,excellent
25,excellent
26,excellent
27,excellent
28,excellent
29,excellent
30,excellent
31,excellent
32,excellent
33,excellent
34,excellent
35,excellent
36,excellent
37,excellent
38,excellent
39,excellent
40,excellent
41,excellent
42,excellent
43,excellent
44,excellent
45,excellent
46,excellent
47,excellent
48,excellent
49,excellent
50,excellent
51,excellent
52,excellent
53,excellent
54,excellent
55,excellent
56,excellent
57,excellent
58,excellent
59,excellent
60,excellent
61,excellent
62,excellent
63,excellent
64,excellent
65,excellent
66,excellent
67,excellent
68,excellent
69,excellent
70,excellent
71,excellent
72,excellent
73,excellent
74,excellent
75,excellent
76,excellent
77,excellent
78,excellent
79,excellent
80,excellent
81,excellent
82,excellent
83,excellent
84,excellent
85,excellent
86,excellent
87,excellent
88,excellent
89,excellent
90,excellent
91,excellent
92,excellent
93,excellent
94,excellent
95,excellent
96,excellent
97,excellent
98,excellent
99,excellent
100,excellent
101,excellent
102,excellent
103,excellent
104,excellent
105,excellent
106,excellent
107,excellent
108,excellent
109,excellent
110,excellent
111,excellent
112,excellent
113,excellent
114,excellent
115,excellent
116,excellent
117,excellent
118,excellent
119,excellent
120,excellent
121,excellent
122,excellent
123,excellent
124,excellent
125,excellent
126,excellent
127,excellent
128,excellent
129,excellent
130,excellent
131,excellent
132,excellent
133,excellent
134,excellent
135,excellent
136,excellent
137,excellent
138,excellent
139,excellent
140,excellent
141,excellent
142,excellent
143,excellent
144,excellent
145,excellent
146,excellent
147,excellent
148,excellent
149,excellent
150,excellent
151,excellent
152,excellent
153,excellent
154,excellent
155,excellent
156,excellent
157,excellent
158,excellent
159,excellent
160,excellent
161,excellent
162,excellent
163,excellent
164,excellent
165,excellent
166,excellent
167,excellent
168,excellent
169,excellent
170,excellent
171,excellent
172,excellent
173,excellent
174,excellent
175,excellent
176,excellent
177,excellent
178,excellent
179,excellent
180,excellent
181,excellent
182,excellent
183,excellent
184,excellent
185,excellent
186,excellent
187,excellent
188,excellent
189,excellent
190,excellent
191,excellent
192,excellent
193,excellent
194,excellent
195,excellent
196,excellent
197,excellent
198,excellent
199,excellent
200,excellent
201,excellent
202,excellent
203,excellent
204,excellent
205,excellent
206,excellent
207,excellent
208,excellent
209,excellent
210,excellent
211,excellent
212,excellent
213,excellent
214,excellent
215,excellent
216,excellent
217,excellent
218,excellent
219,excellent
220,excellent
221,excellent
222,excellent
223,excellent
224,excellent
225,excellent
226,excellent
227,excellent
228,excellent
229,excellent
230,excellent
231,excellent
232,excellent
233,excellent
234,excellent
235,excellent
236,excellent
237,excellent
238,excellent
239,excellent
240,excellent
241,excellent
242,excellent
243,excellent
244,excellent
245,excellent
246,excellent
247,excellent
248,excellent
249,excellent
250,excellent
251,excellent
252,excellent
253,excellent
254,excellent
255,excellent
256,excellent
257,excellent
258,excellent
259,excellent
260,excellent
261,excellent
262,excellent
263,excellent
264,excellent
265,excellent
266,excellent
267,excellent
268,excellent
269,excellent
270,excellent
271,excellent
272,excellent
273,excellent
274,excellent
275,excellent
276,excellent
277,excellent
278,excellent
279,excellent
280,excellent
281,excellent
282,excellent
283,excellent
284,excellent
285,excellent
286,excellent
287,excellent
288,excellent
289,excellent
290,excellent
291,excellent
292,excellent
293,excellent
294,excellent
295,excellent
296,excellent
297,excellent
298,excellent
299,excellent
300,excellent
301,excellent
302,excellent
303,excellent
304,excellent
305,excellent
306,excellent
307,excellent
308,excellent
309,excellent
310,excellent
311,excellent
312,excellent
313,excellent
314,excellent
315,excellent
316,excellent
317,excellent
318,excellent
319,excellent
320,excellent
321,excellent
322,excellent
323,excellent
324,excellent
325,excellent
326,excellent
327,excellent
328,excellent
329,excellent
330,excellent
331,excellent
332,excellent
333,excellent
334,excellent
335,excellent
336,excellent
337,excellent
338,excellent
339,excellent
340,excellent
341,excellent
342,excellent
343,excellent
344,excellent
345,excellent
346,excellent
347,excellent
348,excellent
349,excellent
350,excellent
351,excellent
352,excellent
353,excellent
354,excellent
355,excellent
356,excellent
357,excellent
358,excellent
359,excellent
360,excellent
361,excellent
362,excellent
363,excellent
364,excellent
365,excellent
366,excellent
367,excellent
368,excellent
369,excellent
370,excellent
371,excellent
372,excellent
373,excellent
374,excellent
375,excellent
376,excellent
377,excellent
378,excellent
379,excellent
380,excellent
381,excellent
382,excellent
383,excellent
384,excellent
385,excellent
386,excellent
387,excellent
388,excellent
389,excellent
390,excellent
391,excellent
392,excellent
393,excellent
394,good
395,good
396,good
397,good
398,excellent
399,good
400,excellent
401,excellent
402,excellent
403,good
404,good
405,excellent
406,excellent
407,excellent
408,good
409,good
410,good
411,excellent
412,good
413,good
414,good
415,good
416,good
417,good
418,good
419,good
420,good
421,good
422,good
423,good
424,good
425,good
426,good
427,good
428,good
429,good
430,good
431,good
432,good
433,good
434,good
435,good
436,good
437,good
438,good
439,good
440,good
441,good
442,good
443,good
444,good
445,good
446,good
447,good
448,good
449,good
450,good
451,good
452,good
453,good
454,good
455,good
456,good
457,good
458,good
459,good
460,good
461,good
462,good
463,good
464,good
465,good
466,good
467,good
468,good
469,good
470,good
471,good
472,good
473,good
474,good
475,good
476,good
477,good
478,good
479,good
480,good
481,good
482,good
483,good
484,good
485,good
486,good
487,good
488,good
489,good
490,good
491,good
492,good
493,good
494,good
495,good
496,good
497,good
498,good
499,good
500,good
501,good
502,good
503,good
504,good
505,good
506,good
507,good
508,good
509,good
510,good
511,good
512,good
513,good
514,good
515,good
516,good
517,good
518,good
519,good
520,good
521,good
522,good
523,excellent
524,excellent
525,excellent
526,excellent
527,excellent
528,good
529,good
530,good
531,good
532,good
533,good
534,good
535,good
536,good
537,good
538,good
539,good
540,good
541,good
542,good
543,good
544,good
545,good
546,good
547,good
548,good
549,good
550,good
551,good
552,good
553,good
554,good
555,good
556,good
557,good
558,good
559,good
560,good
561,good
562,good
563,good
564,good
565,good
566,good
567,good
568,good
569,good
570,good
571,good
572,good
573,good
574,good
575,good
576,good
577,good
578,good
579,good
580,good
581,good
582,good
583,good
584,good
585,good
586,good
587,good
588,good
589,good
590,good
591,good
592,good
593,good
594,good
595,good
596,good
597,good
598,good
599,good
600,good
601,good
602,good
603,good
604,good
605,good
606,good
607,good
608,good
609,good
610,good
611,good
612,good
613,good
614,good
615,good
616,good
617,good
618,good
619,good
620,good
621,good
622,good
623,good
624,good
625,good
626,good
627,good
628,good
629,good
630,good
631,good
632,good
633,good
634,good
635,good
636,good
637,good
638,good
639,good
640,good
641,good
642,good
643,good
644,good
645,good
646,good
647,good
648,good
649,good
650,good
651,good
652,good
653,good
654,good
655,good
656,good
657,good
658,good
659,good
660,good
661,good
662,good
663,good
664,good
665,good
666,good
667,good
668,good
669,good
670,good
671,good
672,good
673,good
674,good
675,good
676,good
677,good
678,good
679,good
680,good
681,good
682,good
683,good
684,good
685,good
686,good
687,good
688,good
689,good
690,good
691,good
692,good
693,good
694,good
695,good
696,good
697,good
698,good
699,good
700,good
701,good
702,good
703,good
704,good
705,good
706,good
707,good
708,good
709,good
710,good
711,good
712,good
713,good
714,good
715,good
716,good
717,good
718,good
719,good
720,good
721,good
722,good
723,good
724,good
725,good
726,good
727,good
728,good
729,good
730,good
731,good
732,good
733,good
734,good
735,good
736,good
737,good
738,good
739,good
740,good
741,good
742,good
743,good
744,good
745,good
746,good
747,good
748,good
749,good
750,good
751,good
752,good
753,good
754,good
755,good
756,good
757,good
758,good
759,good
760,good
761,good
762,good
763,good
764,good
765,good
766,good
767,good
768,good
769,good
770,good
771,good
772,good
773,good
774,good
775,good
776,good
777,good
778,good
779,good
780,good
781,good
782,good
783,good
784,good
785,good
786,good
787,good
788,good
789,good
790,good
791,good
792,good
793,good
794,good
795,good
796,good
797,good
798,good
799,good
800,good
801,good
802,good
803,good
804,good
805,good
806,good
807,good
808,good
809,good
810,good
811,good
812,good
813,good
814,good
815,good
816,good
817,good
818,good
819,good
820,good
821,good
822,good
823,good
824,good
825,good
826,good
827,good
828,good
829,good
830,good
831,good
832,good
833,good
834,good
835,good
836,good
837,good
838,good
839,good
840,good
841,good
842,good
843,good
844,good
845,good
846,good
847,good
848,good
849,good
850,good
851,good
852,good
853,good
854,good
855,good
856,good
857,good
858,good
859,good
860,good
861,good
862,good
863,good
864,good
865,good
866,good
867,good
868,good
869,good
870,good
871,good
872,good
873,good
874,good
875,good
876,good
877,good
878,good
879,good
880,good
881,good
882,good
883,good
884,good
885,good
886,good
887,good
888,good
889,good
890,good
891,good
892,good
893,good
894,good
895,good
896,good
897,good
898,good
899,good
900,good
901,good
902,good
903,good
904,good
905,good
906,good
907,good
908,good
909,good
910,good
911,good
912,good
913,good
914,good
915,good
916,good
917,good
918,good
919,good
920,good
921,acceptable
922,good
923,good
924,good
925,good
926,good
927,good
928,good
929,acceptable
930,good
931,acceptable
932,good
933,acceptable
934,acceptable
935,acceptable
936,good
937,acceptable
938,acceptable
939,good
940,acceptable
941,acceptable
942,good
943,acceptable
944,acceptable
945,acceptable
946,acceptable
947,acceptable
948,acceptable
949,acceptable
950,acceptable
951,acceptable
952,acceptable
953,acceptable
954,acceptable
955,acceptable
956,acceptable
957,acceptable
958,acceptable
959,acceptable
960,acceptable
961,acceptable
962,acceptable
963,acceptable
964,acceptable
965,acceptable
966,acceptable
967,acceptable
968,acceptable
969,acceptable
970,acceptable
971,acceptable
972,acceptable
973,acceptable
974,acceptable
975,acceptable
976,acceptable
977,acceptable
978,acceptable
979,acceptable
980,acceptable
981,acceptable
982,acceptable
983,acceptable
984,acceptable
985,acceptable
986,acceptable
987,acceptable
988,acceptable
989,acceptable
990,acceptable
991,acceptable
992,acceptable
993,acceptable
994,acceptable
995,acceptable
996,acceptable
997,acceptable
998,acceptable
999,acceptable
1000,acceptable
1001,acceptable
1002,acceptable
1003,acceptable
1004,acceptable
1005,acceptable
1006,acceptable
1007,acceptable
1008,acceptable
1009,acceptable
1010,acceptable
1011,acceptable
1012,acceptable
1013,acceptable
1014,acceptable
1015,acceptable
1016,acceptable
1017,acceptable
1018,acceptable
1019,acceptable
1020,acceptable
1021,acceptable
1022,acceptable
1023,acceptable
1024,acceptable
1025,acceptable
1026,acceptable
1027,acceptable
1028,acceptable
1029,acceptable
1030,acceptable
1031,acceptable
1032,acceptable
1033,acceptable
1034,acceptable
1035,acceptable
1036,acceptable
1037,acceptable
1038,acceptable
1039,acceptable
1040,acceptable
1041,acceptable
1042,acceptable
1043,acceptable
1044,acceptable
1045,acceptable
1046,acceptable
1047,acceptable
1048,acceptable
1049,acceptable
1050,acceptable
1051,acceptable
1052,acceptable
1053,acceptable
1054,acceptable
1055,acceptable
1056,acceptable
1057,acceptable
1058,acceptable
1059,acceptable
1060,acceptable
1061,acceptable
1062,acceptable
1063,acceptable
1064,acceptable
1065,acceptable
1066,acceptable
1067,acceptable
1068,acceptable
1069,acceptable
1070,acceptable
1071,acceptable
1072,acceptable
1073,acceptable
1074,acceptable
1075,acceptable
1076,spoiled
1077,acceptable
1078,spoiled
1079,spoiled
1080,spoiled
1081,spoiled
1082,spoiled
1083,spoiled
1084,spoiled
1085,spoiled
1086,spoiled
1087,spoiled
1088,acceptable
1089,spoiled
1090,spoiled
1091,spoiled
1092,acceptable
1093,spoiled
1094,acceptable
1095,spoiled
1096,spoiled
1097,spoiled
1098,acceptable
1099,acceptable
1100,acceptable
1101,acceptable
1102,acceptable
1103,acceptable
1104,acceptable
1105,acceptable
1106,acceptable
1107,acceptable
1108,acceptable
1109,acceptable
1110,acceptable
1111,acceptable
1112,acceptable
1113,acceptable
1114,acceptable
1115,acceptable
1116,acceptable
1117,acceptable
1118,acceptable
1119,acceptable
1120,acceptable
1121,acceptable
1122,acceptable
1123,acceptable
1124,acceptable
1125,acceptable
1126,acceptable
1127,acceptable
1128,acceptable
1129,spoiled
1130,acceptable
1131,spoiled
1132,acceptable
1133,acceptable
1134,acceptable
1135,spoiled
1136,spoiled
1137,spoiled
1138,spoiled
1139,acceptable
1140,spoiled
1141,spoiled
1142,spoiled
1143,spoiled
1144,acceptable
1145,acceptable
1146,spoiled
1147,acceptable
1148,spoiled
1149,acceptable
1150,spoiled
1151,spoiled
1152,acceptable
1153,spoiled
1154,spoiled
1155,spoiled
1156,spoiled
1157,spoiled
1158,acceptable
1159,spoiled
1160,acceptable
1161,spoiled
1162,spoiled
1163,acceptable
1164,spoiled
1165,acceptable
1166,spoiled
1167,acceptable
1168,spoiled
1169,acceptable
1170,acceptable
1171,spoiled
1172,acceptable
1173,acceptable
1174,acceptable
1175,acceptable
1176,spoiled
1177,spoiled
1178,spoiled
1179,acceptable
1180,spoiled
1181,spoiled
1182,acceptable
1183,acceptable
1184,acceptable
1185,acceptable
1186,spoiled
1187,spoiled
1188,acceptable
1189,acceptable
1190,spoiled
1191,spoiled
1192,acceptable
1193,spoiled
1194,acceptable
1195,acceptable
1196,acceptable
1197,spoiled
1198,acceptable
1199,acceptable
1200,spoiled
1201,spoiled
1202,acceptable
1203,spoiled
1204,acceptable
1205,acceptable
1206,acceptable
1207,acceptable
1208,spoiled
1209,spoiled
1210,acceptable
1211,acceptable
1212,spoiled
1213,acceptable
1214,acceptable
1215,acceptable
1216,acceptable
1217,acceptable
1218,spoiled
1219,spoiled
1220,spoiled
1221,acceptable
1222,spoiled
1223,spoiled
1224,acceptable
1225,acceptable
1226,acceptable
1227,spoiled
1228,spoiled
1229,acceptable
1230,spoiled
1231,spoiled
1232,acceptable
1233,spoiled
1234,spoiled
1235,spoiled
1236,spoiled
1237,acceptable
1238,spoiled
1239,spoiled
1240,spoiled
1241,spoiled
1242,acceptable
1243,acceptable
1244,acceptable
1245,acceptable
1246,spoiled
1247,acceptable
1248,spoiled
1249,spoiled
1250,acceptable
1251,acceptable
1252,spoiled
1253,spoiled
1254,spoiled
1255,spoiled
1256,spoiled
1257,spoiled
1258,spoiled
1259,spoiled
1260,spoiled
1261,spoiled
1262,spoiled
1263,spoiled
1264,spoiled
1265,spoiled
1266,spoiled
1267,spoiled
1268,spoiled
1269,spoiled
1270,spoiled
1271,spoiled
1272,acceptable
1273,spoiled
1274,spoiled
1275,spoiled
1276,spoiled
1277,acceptable
1278,spoiled
1279,spoiled
1280,spoiled
1281,spoiled
1282,spoiled
1283,spoiled
1284,spoiled
1285,spoiled
1286,spoiled
1287,spoiled
1288,spoiled
1289,spoiled
1290,spoiled
1291,acceptable
1292,spoiled
1293,acceptable
1294,acceptable
1295,acceptable
1296,acceptable
1297,spoiled
1298,acceptable
1299,acceptable
1300,acceptable
1301,spoiled
1302,acceptable
1303,spoiled
1304,spoiled
1305,acceptable
1306,acceptable
1307,spoiled
1308,spoiled
1309,spoiled
1310,spoiled
1311,spoiled
1312,spoiled
1313,spoiled
1314,spoiled
1315,spoiled
1316,spoiled
1317,spoiled
1318,spoiled
1319,spoiled
1320,spoiled
1321,spoiled
1322,spoiled
1323,spoiled
1324,spoiled
1325,spoiled
1326,spoiled
1327,spoiled
1328,spoiled
1329,spoiled
1330,spoiled
1331,spoiled
1332,spoiled
1333,spoiled
1334,spoiled
1335,spoiled
1336,spoiled
1337,spoiled
1338,spoiled
1339,spoiled
1340,spoiled
1341,spoiled
1342,spoiled
1343,spoiled
1344,spoiled
1345,spoiled
1346,spoiled
1347,spoiled
1348,spoiled
1349,spoiled
1350,spoiled
1351,spoiled
1352,spoiled
1353,spoiled
1354,spoiled
1355,spoiled
1356,spoiled
1357,spoiled
1358,spoiled
1359,spoiled
1360,spoiled
1361,spoiled
1362,spoiled
1363,spoiled
1364,spoiled
1365,spoiled
1366,spoiled
1367,spoiled
1368,spoiled
1369,spoiled
1370,spoiled
1371,spoiled
1372,spoiled
1373,spoiled
1374,spoiled
1375,spoiled
1376,spoiled
1377,spoiled
1378,spoiled
1379,spoiled
1380,spoiled
1381,spoiled
1382,spoiled
1383,acceptable
1384,acceptable
1385,acceptable
1386,acceptable
1387,acceptable
1388,spoiled
1389,acceptable
1390,spoiled
1391,acceptable
1392,acceptable
1393,acceptable
1394,acceptable
1395,spoiled
1396,spoiled
1397,spoiled
1398,spoiled
1399,spoiled
1400,spoiled
1401,spoiled
1402,spoiled
1403,spoiled
1404,spoiled
1405,spoiled
1406,spoiled
1407,spoiled
1408,spoiled
1409,spoiled
1410,spoiled
1411,spoiled
1412,spoiled
1413,spoiled
1414,spoiled
1415,spoiled
1416,spoiled
1417,spoiled
1418,spoiled
1419,spoiled
1420,spoiled
1421,spoiled
1422,spoiled
1423,spoiled
1424,spoiled
1425,spoiled
1426,spoiled
1427,spoiled
1428,spoiled
1429,spoiled
1430,spoiled
1431,spoiled
1432,spoiled
1433,spoiled
1434,spoiled
1435,spoiled
1436,spoiled
1437,spoiled
1438,spoiled
1439,spoiled
1440,spoiled
1441,spoiled
1442,spoiled
1443,spoiled
1444,spoiled
1445,spoiled
1446,spoiled
1447,spoiled
1448,spoiled
1449,spoiled
1450,spoiled
1451,spoiled
1452,spoiled
1453,spoiled
1454,spoiled
1455,spoiled
1456,spoiled
1457,spoiled
1458,spoiled
1459,spoiled
1460,spoiled
1461,spoiled
1462,spoiled
1463,spoiled
1464,spoiled
1465,spoiled
1466,spoiled
1467,spoiled
1468,spoiled
1469,spoiled
1470,spoiled
1471,spoiled
1472,spoiled
1473,spoiled
1474,spoiled
1475,spoiled
1476,spoiled
1477,spoiled
1478,spoiled
1479,spoiled
1480,spoiled
1481,spoiled
1482,spoiled
1483,spoiled
1484,spoiled
1485,spoiled
1486,spoiled
1487,spoiled
1488,spoiled
1489,spoiled
1490,spoiled
1491,spoiled
1492,spoiled
1493,spoiled
1494,spoiled
1495,spoiled
1496,spoiled
1497,spoiled
1498,spoiled
1499,spoiled
1500,spoiled
1501,spoiled
1502,spoiled
1503,spoiled
1504,spoiled
1505,spoiled
1506,spoiled
1507,spoiled
1508,spoiled
1509,spoiled
1510,spoiled
1511,spoiled
1512,spoiled
1513,spoiled
1514,spoiled
1515,spoiled
1516,spoiled
1517,spoiled
1518,spoiled
1519,spoiled
1520,spoiled
1521,spoiled
1522,spoiled
1523,spoiled
1524,spoiled
1525,spoiled
1526,spoiled
1527,spoiled
1528,spoiled
1529,spoiled
1530,spoiled
1531,spoiled
1532,spoiled
1533,spoiled
1534,spoiled
1535,spoiled
1536,spoiled
1537,spoiled
1538,spoiled
1539,spoiled
1540,spoiled
1541,spoiled
1542,spoiled
1543,spoiled
1544,spoiled
1545,spoiled
1546,spoiled
1547,spoiled
1548,spoiled
1549,spoiled
1550,spoiled
1551,spoiled
1552,spoiled
1553,spoiled
1554,spoiled
1555,spoiled
1556,spoiled
1557,spoiled
1558,spoiled
1559,spoiled
1560,spoiled
1561,spoiled
1562,spoiled
1563,spoiled
1564,spoiled
1565,spoiled
1566,spoiled
1567,spoiled
1568,spoiled
1569,spoiled
1570,spoiled
1571,spoiled
1572,spoiled
1573,spoiled
1574,spoiled
1575,spoiled
1576,spoiled
1577,spoiled
1578,spoiled
1579,spoiled
1580,spoiled
1581,spoiled
1582,spoiled
1583,spoiled
1584,spoiled
1585,spoiled
1586,spoiled
1587,spoiled
1588,spoiled
1589,spoiled
1590,spoiled
1591,spoiled
1592,spoiled
1593,spoiled
1594,spoiled
1595,spoiled
1596,spoiled
1597,spoiled
1598,spoiled
1599,spoiled
1600,spoiled
1601,spoiled
1602,spoiled
1603,spoiled
1604,spoiled
1605,spoiled
1606,spoiled
1607,spoiled
1608,spoiled
1609,spoiled
1610,spoiled
1611,spoiled
1612,spoiled
1613,spoiled
1614,spoiled
1615,spoiled
1616,spoiled
1617,spoiled
1618,spoiled
1619,spoiled
1620,spoiled
1621,spoiled
1622,spoiled
1623,spoiled
1624,spoiled
1625,spoiled
1626,spoiled
1627,spoiled
1628,spoiled
1629,spoiled
1630,spoiled
1631,spoiled
1632,spoiled
1633,spoiled
1634,spoiled
1635,spoiled
1636,spoiled
1637,spoiled
1638,spoiled
1639,spoiled
1640,spoiled
1641,spoiled
1642,spoiled
1643,spoiled
1644,spoiled
1645,spoiled
1646,spoiled
1647,spoiled
1648,spoiled
1649,spoiled
1650,spoiled
1651,spoiled
1652,spoiled
1653,spoiled
1654,spoiled
1655,spoiled
1656,spoiled
1657,spoiled
1658,spoiled
1659,spoiled
1660,spoiled
1661,spoiled
1662,spoiled
1663,spoiled
1664,spoiled
1665,spoiled
1666,spoiled
1667,spoiled
1668,spoiled
1669,spoiled
1670,spoiled
1671,spoiled
1672,spoiled
1673,spoiled
1674,spoiled
1675,spoiled
1676,spoiled
1677,spoiled
1678,spoiled
1679,spoiled
1680,spoiled
1681,spoiled
1682,spoiled
1683,spoiled
1684,spoiled
1685,spoiled
1686,spoiled
1687,spoiled
1688,spoiled
1689,spoiled
1690,spoiled
1691,spoiled
1692,spoiled
1693,spoiled
1694,spoiled
1695,spoiled
1696,spoiled
1697,spoiled
1698,spoiled
1699,spoiled
1700,spoiled
1701,spoiled
1702,spoiled
1703,spoiled
1704,spoiled
1705,spoiled
1706,spoiled
1707,spoiled
1708,spoiled
1709,spoiled
1710,spoiled
1711,spoiled
1712,spoiled
1713,spoiled
1714,spoiled
1715,spoiled
1716,spoiled
1717,spoiled
1718,spoiled
1719,spoiled
1720,spoiled
1721,spoiled
1722,spoiled
1723,spoiled
1724,spoiled
1725,spoiled
1726,spoiled
1727,spoiled
1728,spoiled
1729,spoiled
1730,spoiled
1731,spoiled
1732,spoiled
1733,spoiled
1734,spoiled
1735,spoiled
1736,spoiled
1737,spoiled
1738,spoiled
1739,spoiled
1740,spoiled
1741,spoiled
1742,spoiled
1743,spoiled
1744,spoiled
1745,spoiled
1746,spoiled
1747,spoiled
1748,spoiled
1749,spoiled
1750,spoiled
1751,spoiled
1752,spoiled
1753,spoiled
1754,spoiled
1755,spoiled
1756,spoiled
1757,spoiled
1758,spoiled
1759,spoiled
1760,spoiled
1761,spoiled
1762,spoiled
1763,spoiled
1764,spoiled
1765,spoiled
1766,spoiled
1767,spoiled
1768,spoiled
1769,spoiled
1770,spoiled
1771,spoiled
1772,spoiled
1773,spoiled
1774,spoiled
1775,spoiled
1776,spoiled
1777,spoiled
1778,spoiled
1779,spoiled
1780,spoiled
1781,spoiled
1782,spoiled
1783,spoiled
1784,spoiled
1785,spoiled
1786,spoiled
1787,spoiled
1788,spoiled
1789,spoiled
1790,spoiled
1791,spoiled
1792,spoiled
1793,spoiled
1794,spoiled
1795,spoiled
1796,spoiled
1797,spoiled
1798,spoiled
1799,spoiled
1800,spoiled
1801,spoiled
1802,spoiled
1803,spoiled
1804,spoiled
1805,spoiled
1806,spoiled
1807,spoiled
1808,spoiled
1809,spoiled
1810,spoiled
1811,spoiled
1812,spoiled
1813,spoiled
1814,spoiled
1815,spoiled
1816,spoiled
1817,spoiled
1818,spoiled
1819,spoiled
1820,spoiled
1821,spoiled
1822,spoiled
1823,spoiled
1824,spoiled
1825,spoiled
1826,spoiled
1827,spoiled
1828,spoiled
1829,spoiled
1830,spoiled
1831,spoiled
1832,spoiled
1833,spoiled
1834,spoiled
1835,spoiled
1836,spoiled
1837,spoiled
1838,spoiled
1839,spoiled
1840,spoiled
1841,spoiled
1842,spoiled
1843,spoiled
1844,spoiled
1845,spoiled
1846,spoiled
1847,spoiled
1848,spoiled
1849,spoiled
1850,spoiled
1851,spoiled
1852,spoiled
1853,spoiled
1854,spoiled
1855,spoiled
1856,spoiled
1857,spoiled
1858,spoiled
1859,spoiled
1860,spoiled
1861,spoiled
1862,spoiled
1863,spoiled
1864,spoiled
1865,spoiled
1866,spoiled
1867,spoiled
1868,spoiled
1869,spoiled
1870,spoiled
1871,spoiled
1872,spoiled
1873,spoiled
1874,spoiled
1875,spoiled
1876,spoiled
1877,spoiled
1878,spoiled
1879,spoiled
1880,spoiled
1881,spoiled
1882,spoiled
1883,spoiled
1884,spoiled
1885,spoiled
1886,spoiled
1887,spoiled
1888,spoiled
1889,spoiled
1890,spoiled
1891,spoiled
1892,spoiled
1893,spoiled
1894,spoiled
1895,spoiled
1896,spoiled
1897,spoiled
1898,spoiled
1899,spoiled
1900,spoiled
1901,spoiled
1902,spoiled
1903,spoiled
1904,spoiled
1905,spoiled
1906,spoiled
1907,spoiled
1908,spoiled
1909,spoiled
1910,spoiled
1911,spoiled
1912,spoiled
1913,spoiled
1914,spoiled
1915,spoiled
1916,spoiled
1917,spoiled
1918,spoiled
1919,spoiled
1920,spoiled
1921,spoiled
1922,spoiled
1923,spoiled
1924,spoiled
1925,spoiled
1926,spoiled
1927,spoiled
1928,spoiled
1929,spoiled
1930,spoiled
1931,spoiled
1932,spoiled
1933,spoiled
1934,spoiled
1935,spoiled
1936,spoiled
1937,spoiled
1938,spoiled
1939,spoiled
1940,spoiled
1941,spoiled
1942,spoiled
1943,spoiled
1944,spoiled
1945,spoiled
1946,spoiled
1947,spoiled
1948,spoiled
1949,spoiled
1950,spoiled
1951,spoiled
1952,spoiled
1953,spoiled
1954,spoiled
1955,spoiled
1956,spoiled
1957,spoiled
1958,spoiled
1959,spoiled
1960,spoiled
1961,spoiled
1962,spoiled
1963,good
1964,spoiled
1965,spoiled
1966,spoiled
1967,spoiled
1968,spoiled
1969,spoiled
1970,spoiled
1971,spoiled
1972,spoiled
1973,spoiled
1974,spoiled
1975,spoiled
1976,spoiled
1977,spoiled
1978,spoiled
1979,spoiled
1980,spoiled
1981,spoiled
1982,spoiled
1983,spoiled
1984,spoiled
1985,spoiled
1986,spoiled
1987,spoiled
1988,spoiled
1989,spoiled
1990,spoiled
1991,spoiled
1992,spoiled
1993,spoiled
1994,spoiled
1995,spoiled
1996,spoiled
1997,spoiled
1998,spoiled
1999,spoiled
2000,spoiled
2001,spoiled
2002,spoiled
2003,spoiled
2004,spoiled
2005,spoiled
2006,spoiled
2007,spoiled
2008,spoiled
2009,spoiled
2010,spoiled
2011,spoiled
2012,spoiled
2013,spoiled
2014,spoiled
2015,spoiled
2016,spoiled
2017,spoiled
2018,spoiled
2019,spoiled
2020,spoiled
2021,spoiled
2022,spoiled
2023,spoiled
2024,spoiled
2025,spoiled
2026,spoiled
2027,spoiled
2028,spoiled
2029,spoiled
2030,spoiled
2031,spoiled
2032,spoiled
2033,spoiled
2034,spoiled
2035,spoiled
2036,spoiled
2037,spoiled
2038,spoiled
2039,spoiled
2040,spoiled
2041,spoiled
2042,spoiled
2043,spoiled
2044,spoiled
2045,spoiled
2046,spoiled
2047,spoiled
2048,spoiled
2049,spoiled
2050,spoiled
2051,spoiled
2052,spoiled
2053,spoiled
2054,spoiled
2055,spoiled
2056,spoiled
2057,spoiled
2058,spoiled
2059,spoiled
2060,spoiled
2061,spoiled
2062,spoiled
2063,spoiled
2064,spoiled
2065,spoiled
2066,spoiled
2067,spoiled
2068,spoiled
2069,spoiled
2070,spoiled
2071,spoiled
2072,spoiled
2073,spoiled
2074,spoiled
2075,spoiled
2076,spoiled
2077,spoiled
2078,spoiled
2079,spoiled
2080,spoiled
2081,spoiled
2082,spoiled
2083,spoiled
2084,spoiled
2085,spoiled
2086,spoiled
2087,spoiled
2088,spoiled
2089,spoiled
2090,spoiled
2091,spoiled
2092,spoiled
2093,spoiled
2094,spoiled
2095,spoiled
2096,spoiled
2097,spoiled
2098,spoiled
2099,spoiled
2100,spoiled
2101,spoiled
2102,spoiled
2103,spoiled
2104,spoiled
2105,spoiled
2106,spoiled
2107,spoiled
2108,spoiled
2109,spoiled
2110,spoiled
2111,spoiled
2112,spoiled
2113,spoiled
2114,spoiled
2115,spoiled
2116,spoiled
2117,spoiled
2118,spoiled
2119,spoiled
2120,spoiled
2121,spoiled
2122,spoiled
2123,spoiled
2124,spoiled
2125,spoiled
2126,spoiled
2127,spoiled
2128,spoiled
2129,spoiled
2130,spoiled
2131,spoiled
2132,spoiled
2133,spoiled
2134,spoiled
2135,spoiled
2136,spoiled
2137,spoiled
2138,spoiled
2139,spoiled
2140,spoiled
2141,spoiled
2142,spoiled
2143,spoiled
2144,spoiled
2145,spoiled
2146,spoiled
2147,spoiled
2148,spoiled
2149,spoiled
2150,spoiled
2151,spoiled
2152,spoiled
2153,spoiled
2154,spoiled
2155,spoiled
2156,spoiled
2157,spoiled
2158,spoiled
2159,spoiled
